{
  "_format": "hh-sol-cache-2",
  "files": {
    "/home/bhupendra/unifarm-vesting/contracts/UnifarmVesting.sol": {
      "lastModificationDate": 1621073041204,
      "contentHash": "b9b8f2bfc8267e20f096b279582d70b6",
      "sourceName": "contracts/UnifarmVesting.sol",
      "solcConfig": {
        "version": "0.7.6",
        "settings": {
          "optimizer": {
            "enabled": true,
            "runs": 200
          },
          "outputSelection": {
            "*": {
              "*": [
                "abi",
                "evm.bytecode",
                "evm.deployedBytecode",
                "evm.methodIdentifiers"
              ],
              "": [
                "ast"
              ]
            }
          }
        }
      },
      "imports": [
        "./libraries/SafeERC20.sol",
        "./access/Ownable.sol",
        "./libraries/SafeMath.sol",
        "./interfaces/IUFARMBeneficiaryBook.sol"
      ],
      "versionPragmas": [
        "^0.7.6"
      ],
      "artifacts": [
        "UnifarmVesting"
      ]
    },
    "/home/bhupendra/unifarm-vesting/node_modules/@openzeppelin/contracts/token/ERC20/IERC20.sol": {
      "lastModificationDate": 1619590226727,
      "contentHash": "e0a41531d159d3a32f84b7a3ecf9fabb",
      "sourceName": "@openzeppelin/contracts/token/ERC20/IERC20.sol",
      "solcConfig": {
        "version": "0.7.6",
        "settings": {
          "optimizer": {
            "enabled": true,
            "runs": 200
          },
          "outputSelection": {
            "*": {
              "*": [
                "abi",
                "evm.bytecode",
                "evm.deployedBytecode",
                "evm.methodIdentifiers"
              ],
              "": [
                "ast"
              ]
            }
          }
        }
      },
      "imports": [],
      "versionPragmas": [
        ">=0.6.0 <0.8.0"
      ],
      "artifacts": [
        "IERC20"
      ]
    },
    "/home/bhupendra/unifarm-vesting/node_modules/@openzeppelin/contracts/token/ERC20/SafeERC20.sol": {
      "lastModificationDate": 1619590226727,
      "contentHash": "33e22842646d746e5c4124c2fdc051aa",
      "sourceName": "@openzeppelin/contracts/token/ERC20/SafeERC20.sol",
      "solcConfig": {
        "version": "0.7.6",
        "settings": {
          "optimizer": {
            "enabled": true,
            "runs": 200
          },
          "outputSelection": {
            "*": {
              "*": [
                "abi",
                "evm.bytecode",
                "evm.deployedBytecode",
                "evm.methodIdentifiers"
              ],
              "": [
                "ast"
              ]
            }
          }
        }
      },
      "imports": [
        "./IERC20.sol",
        "../../math/SafeMath.sol",
        "../../utils/Address.sol"
      ],
      "versionPragmas": [
        ">=0.6.0 <0.8.0"
      ],
      "artifacts": [
        "SafeERC20"
      ]
    },
    "/home/bhupendra/unifarm-vesting/node_modules/@openzeppelin/contracts/access/Ownable.sol": {
      "lastModificationDate": 1619590226727,
      "contentHash": "6748815a5b45c4aeeda56819f41190e0",
      "sourceName": "@openzeppelin/contracts/access/Ownable.sol",
      "solcConfig": {
        "version": "0.7.6",
        "settings": {
          "optimizer": {
            "enabled": true,
            "runs": 200
          },
          "outputSelection": {
            "*": {
              "*": [
                "abi",
                "evm.bytecode",
                "evm.deployedBytecode",
                "evm.methodIdentifiers"
              ],
              "": [
                "ast"
              ]
            }
          }
        }
      },
      "imports": [
        "../utils/Context.sol"
      ],
      "versionPragmas": [
        ">=0.6.0 <0.8.0"
      ],
      "artifacts": [
        "Ownable"
      ]
    },
    "/home/bhupendra/unifarm-vesting/node_modules/@openzeppelin/contracts/math/SafeMath.sol": {
      "lastModificationDate": 1619590226727,
      "contentHash": "e03e12206057e809eb76c5f681170c32",
      "sourceName": "@openzeppelin/contracts/math/SafeMath.sol",
      "solcConfig": {
        "version": "0.7.6",
        "settings": {
          "optimizer": {
            "enabled": true,
            "runs": 200
          },
          "outputSelection": {
            "*": {
              "*": [
                "abi",
                "evm.bytecode",
                "evm.deployedBytecode",
                "evm.methodIdentifiers"
              ],
              "": [
                "ast"
              ]
            }
          }
        }
      },
      "imports": [],
      "versionPragmas": [
        ">=0.6.0 <0.8.0"
      ],
      "artifacts": [
        "SafeMath"
      ]
    },
    "/home/bhupendra/unifarm-vesting/node_modules/@openzeppelin/contracts/utils/Address.sol": {
      "lastModificationDate": 1619590226727,
      "contentHash": "7aa46886ff5abe7515496208a5e2ce5a",
      "sourceName": "@openzeppelin/contracts/utils/Address.sol",
      "solcConfig": {
        "version": "0.7.6",
        "settings": {
          "optimizer": {
            "enabled": true,
            "runs": 200
          },
          "outputSelection": {
            "*": {
              "*": [
                "abi",
                "evm.bytecode",
                "evm.deployedBytecode",
                "evm.methodIdentifiers"
              ],
              "": [
                "ast"
              ]
            }
          }
        }
      },
      "imports": [],
      "versionPragmas": [
        ">=0.6.2 <0.8.0"
      ],
      "artifacts": [
        "Address"
      ]
    },
    "/home/bhupendra/unifarm-vesting/node_modules/@openzeppelin/contracts/utils/Context.sol": {
      "lastModificationDate": 1619590226727,
      "contentHash": "2adbd82f6d055a4751566d4671512b03",
      "sourceName": "@openzeppelin/contracts/utils/Context.sol",
      "solcConfig": {
        "version": "0.7.6",
        "settings": {
          "optimizer": {
            "enabled": true,
            "runs": 200
          },
          "outputSelection": {
            "*": {
              "*": [
                "abi",
                "evm.bytecode",
                "evm.deployedBytecode",
                "evm.methodIdentifiers"
              ],
              "": [
                "ast"
              ]
            }
          }
        }
      },
      "imports": [],
      "versionPragmas": [
        ">=0.6.0 <0.8.0"
      ],
      "artifacts": [
        "Context"
      ]
    },
    "/home/bhupendra/unifarm-vesting/contracts/access/Context.sol": {
      "lastModificationDate": 1620890466810,
      "contentHash": "5da4be09a8b2f052660528c67215a90c",
      "sourceName": "contracts/access/Context.sol",
      "solcConfig": {
        "version": "0.7.6",
        "settings": {
          "optimizer": {
            "enabled": true,
            "runs": 200
          },
          "outputSelection": {
            "*": {
              "*": [
                "abi",
                "evm.bytecode",
                "evm.deployedBytecode",
                "evm.methodIdentifiers"
              ],
              "": [
                "ast"
              ]
            }
          }
        }
      },
      "imports": [],
      "versionPragmas": [
        "^0.7.6"
      ],
      "artifacts": [
        "Context"
      ]
    },
    "/home/bhupendra/unifarm-vesting/contracts/access/Ownable.sol": {
      "lastModificationDate": 1620890466810,
      "contentHash": "a457dbbfc93f9052af94319bbd7da384",
      "sourceName": "contracts/access/Ownable.sol",
      "solcConfig": {
        "version": "0.7.6",
        "settings": {
          "optimizer": {
            "enabled": true,
            "runs": 200
          },
          "outputSelection": {
            "*": {
              "*": [
                "abi",
                "evm.bytecode",
                "evm.deployedBytecode",
                "evm.methodIdentifiers"
              ],
              "": [
                "ast"
              ]
            }
          }
        }
      },
      "imports": [
        "../security/Pausable.sol"
      ],
      "versionPragmas": [
        "^0.7.6"
      ],
      "artifacts": [
        "Ownable"
      ]
    },
    "/home/bhupendra/unifarm-vesting/contracts/libraries/SafeERC20.sol": {
      "lastModificationDate": 1620890466810,
      "contentHash": "5a39bd2413cc1bca20053cc8a573df02",
      "sourceName": "contracts/libraries/SafeERC20.sol",
      "solcConfig": {
        "version": "0.7.6",
        "settings": {
          "optimizer": {
            "enabled": true,
            "runs": 200
          },
          "outputSelection": {
            "*": {
              "*": [
                "abi",
                "evm.bytecode",
                "evm.deployedBytecode",
                "evm.methodIdentifiers"
              ],
              "": [
                "ast"
              ]
            }
          }
        }
      },
      "imports": [
        "../interfaces/IERC20.sol",
        "./SafeMath.sol",
        "./Address.sol"
      ],
      "versionPragmas": [
        ">=0.6.0 <0.8.0"
      ],
      "artifacts": [
        "SafeERC20"
      ]
    },
    "/home/bhupendra/unifarm-vesting/contracts/libraries/SafeMath.sol": {
      "lastModificationDate": 1620890466810,
      "contentHash": "df74344479bf189e53d31b9d7aa46874",
      "sourceName": "contracts/libraries/SafeMath.sol",
      "solcConfig": {
        "version": "0.7.6",
        "settings": {
          "optimizer": {
            "enabled": true,
            "runs": 200
          },
          "outputSelection": {
            "*": {
              "*": [
                "abi",
                "evm.bytecode",
                "evm.deployedBytecode",
                "evm.methodIdentifiers"
              ],
              "": [
                "ast"
              ]
            }
          }
        }
      },
      "imports": [],
      "versionPragmas": [
        "^0.7.6"
      ],
      "artifacts": [
        "SafeMath"
      ]
    },
    "/home/bhupendra/unifarm-vesting/contracts/interfaces/IERC20.sol": {
      "lastModificationDate": 1620890466810,
      "contentHash": "50231176636c7027d0e29b5e4ebba894",
      "sourceName": "contracts/interfaces/IERC20.sol",
      "solcConfig": {
        "version": "0.7.6",
        "settings": {
          "optimizer": {
            "enabled": true,
            "runs": 200
          },
          "outputSelection": {
            "*": {
              "*": [
                "abi",
                "evm.bytecode",
                "evm.deployedBytecode",
                "evm.methodIdentifiers"
              ],
              "": [
                "ast"
              ]
            }
          }
        }
      },
      "imports": [],
      "versionPragmas": [
        "^0.7.6"
      ],
      "artifacts": [
        "IERC20"
      ]
    },
    "/home/bhupendra/unifarm-vesting/contracts/libraries/Address.sol": {
      "lastModificationDate": 1620890466810,
      "contentHash": "119f4a110c1141da117eabbf757e478c",
      "sourceName": "contracts/libraries/Address.sol",
      "solcConfig": {
        "version": "0.7.6",
        "settings": {
          "optimizer": {
            "enabled": true,
            "runs": 200
          },
          "outputSelection": {
            "*": {
              "*": [
                "abi",
                "evm.bytecode",
                "evm.deployedBytecode",
                "evm.methodIdentifiers"
              ],
              "": [
                "ast"
              ]
            }
          }
        }
      },
      "imports": [],
      "versionPragmas": [
        "^0.7.6"
      ],
      "artifacts": [
        "Address"
      ]
    },
    "/home/bhupendra/unifarm-vesting/contracts/UnifarmFactory.sol": {
      "lastModificationDate": 1621060421226,
      "contentHash": "7f8e16bc59bd9cdb2a60762e86ef4567",
      "sourceName": "contracts/UnifarmFactory.sol",
      "solcConfig": {
        "version": "0.7.6",
        "settings": {
          "optimizer": {
            "enabled": true,
            "runs": 200
          },
          "outputSelection": {
            "*": {
              "*": [
                "abi",
                "evm.bytecode",
                "evm.deployedBytecode",
                "evm.methodIdentifiers"
              ],
              "": [
                "ast"
              ]
            }
          }
        }
      },
      "imports": [
        "./access/Ownable.sol",
        "./UnifarmVesting.sol",
        "./libraries/SafeMath.sol"
      ],
      "versionPragmas": [
        "^0.7.6"
      ],
      "artifacts": [
        "UnifarmFactory"
      ]
    },
    "/home/bhupendra/unifarm-vesting/contracts/UnifarmToken.sol": {
      "lastModificationDate": 1620890466810,
      "contentHash": "61fa8f1c39193a18705c70f0b506fef9",
      "sourceName": "contracts/UnifarmToken.sol",
      "solcConfig": {
        "version": "0.7.6",
        "settings": {
          "optimizer": {
            "enabled": true,
            "runs": 200
          },
          "outputSelection": {
            "*": {
              "*": [
                "abi",
                "evm.bytecode",
                "evm.deployedBytecode",
                "evm.methodIdentifiers"
              ],
              "": [
                "ast"
              ]
            }
          }
        }
      },
      "imports": [
        "./interfaces/IERC20.sol",
        "./libraries/SafeMath.sol",
        "./access/Ownable.sol"
      ],
      "versionPragmas": [
        "^0.7.6"
      ],
      "artifacts": [
        "UnifarmToken"
      ]
    },
    "/home/bhupendra/unifarm-vesting/node_modules/hardhat/console.sol": {
      "lastModificationDate": 1620890467142,
      "contentHash": "cc4777addd464ea56fa35b1c45df0591",
      "sourceName": "hardhat/console.sol",
      "solcConfig": {
        "version": "0.7.6",
        "settings": {
          "optimizer": {
            "enabled": true,
            "runs": 200
          },
          "outputSelection": {
            "*": {
              "*": [
                "abi",
                "evm.bytecode",
                "evm.deployedBytecode",
                "evm.methodIdentifiers"
              ],
              "": [
                "ast"
              ]
            }
          }
        }
      },
      "imports": [],
      "versionPragmas": [
        ">=0.4.22 <0.9.0"
      ],
      "artifacts": [
        "console"
      ]
    },
    "/home/bhupendra/unifarm-vesting/contracts/security/Pausable.sol": {
      "lastModificationDate": 1620890466810,
      "contentHash": "1e853f0da858edebc5f8df57e8ebd6ca",
      "sourceName": "contracts/security/Pausable.sol",
      "solcConfig": {
        "version": "0.7.6",
        "settings": {
          "optimizer": {
            "enabled": true,
            "runs": 200
          },
          "outputSelection": {
            "*": {
              "*": [
                "abi",
                "evm.bytecode",
                "evm.deployedBytecode",
                "evm.methodIdentifiers"
              ],
              "": [
                "ast"
              ]
            }
          }
        }
      },
      "imports": [
        "../access/Context.sol"
      ],
      "versionPragmas": [
        "^0.7.6"
      ],
      "artifacts": [
        "Pausable"
      ]
    },
    "/home/bhupendra/unifarm-vesting/contracts/interfaces/IUFARMBeneficiaryBook.sol": {
      "lastModificationDate": 1621061074823,
      "contentHash": "14a6113387bb8e6e0e0c4578732cfcdf",
      "sourceName": "contracts/interfaces/IUFARMBeneficiaryBook.sol",
      "solcConfig": {
        "version": "0.7.6",
        "settings": {
          "optimizer": {
            "enabled": true,
            "runs": 200
          },
          "outputSelection": {
            "*": {
              "*": [
                "abi",
                "evm.bytecode",
                "evm.deployedBytecode",
                "evm.methodIdentifiers"
              ],
              "": [
                "ast"
              ]
            }
          }
        }
      },
      "imports": [],
      "versionPragmas": [
        "^0.7.6"
      ],
      "artifacts": [
        "IUFARMBeneficiaryBook"
      ]
    },
    "/home/bhupendra/unifarm-vesting/contracts/UFARMBeneficiaryBook.sol": {
      "lastModificationDate": 1621061013209,
      "contentHash": "d0ca746a40d3c88f717f88ad694d368b",
      "sourceName": "contracts/UFARMBeneficiaryBook.sol",
      "solcConfig": {
        "version": "0.7.6",
        "settings": {
          "optimizer": {
            "enabled": true,
            "runs": 200
          },
          "outputSelection": {
            "*": {
              "*": [
                "abi",
                "evm.bytecode",
                "evm.deployedBytecode",
                "evm.methodIdentifiers"
              ],
              "": [
                "ast"
              ]
            }
          }
        }
      },
      "imports": [
        "./access/Ownable.sol"
      ],
      "versionPragmas": [
        "^0.7.6"
      ],
      "artifacts": [
        "UFARMBeneficiaryBook"
      ]
    }
  }
}
